[
  {
    "Age": 30,
    "Sex": 2,
    "Steroid": 1,
    "Antivirals": 2,
    "Fatigue": 2,
    "Malaise": 2,
    "Anorexia": 2,
    "Liver_big": 1,
    "Liver_firm": 2,
    "Spleen_palpable": 2,
    "Spiders": 2,
    "Ascites": 2,
    "Varices": 2,
    "Bilurubin": 1,
    "Alk_phosphate": 85,
    "Sgot": 18,
    "Albumin": 4,
    "Protime": 62,
    "Histology": 1,
    "Die_Live": 2
  },
  {
    "Age": 50,
    "Sex": 1,
    "Steroid": 1,
    "Antivirals": 2,
    "Fatigue": 1,
    "Malaise": 2,
    "Anorexia": 2,
    "Liver_big": 1,
    "Liver_firm": 2,
    "Spleen_palpable": 2,
    "Spiders": 2,
    "Ascites": 2,
    "Varices": 2,
    "Bilurubin": 0.9,
    "Alk_phosphate": 135,
    "Sgot": 42,
    "Albumin": 3.5,
    "Protime": 62,
    "Histology": 1,
    "Die_Live": 2
  },
  {
    "Age": 78,
    "Sex": 1,
    "Steroid": 2,
    "Antivirals": 2,
    "Fatigue": 1,
    "Malaise": 2,
    "Anorexia": 2,
    "Liver_big": 2,
    "Liver_firm": 2,
    "Spleen_palpable": 2,
    "Spiders": 2,
    "Ascites": 2,
    "Varices": 2,
    "Bilurubin": 0.7,
    "Alk_phosphate": 96,
    "Sgot": 32,
    "Albumin": 4,
    "Protime": 62,
    "Histology": 1,
    "Die_Live": 2
  },
  {
    "Age": 31,
    "Sex": 1,
    "Steroid": 2,
    "Antivirals": 1,
    "Fatigue": 2,
    "Malaise": 2,
    "Anorexia": 2,
    "Liver_big": 2,
    "Liver_firm": 2,
    "Spleen_palpable": 2,
    "Spiders": 2,
    "Ascites": 2,
    "Varices": 2,
    "Bilurubin": 0.7,
    "Alk_phosphate": 46,
    "Sgot": 52,
    "Albumin": 4,
    "Protime": 80,
    "Histology": 1,
    "Die_Live": 2
  },
  {
    "Age": 34,
    "Sex": 1,
    "Steroid": 2,
    "Antivirals": 2,
    "Fatigue": 2,
    "Malaise": 2,
    "Anorexia": 2,
    "Liver_big": 2,
    "Liver_firm": 2,
    "Spleen_palpable": 2,
    "Spiders": 2,
    "Ascites": 2,
    "Varices": 2,
    "Bilurubin": 1,
    "Alk_phosphate": 105,
    "Sgot": 200,
    "Albumin": 4,
    "Protime": 62,
    "Histology": 1,
    "Die_Live": 2
  },
  {
    "Age": 34,
    "Sex": 1,
    "Steroid": 2,
    "Antivirals": 2,
    "Fatigue": 2,
    "Malaise": 2,
    "Anorexia": 2,
    "Liver_big": 2,
    "Liver_firm": 2,
    "Spleen_palpable": 2,
    "Spiders": 2,
    "Ascites": 2,
    "Varices": 2,
    "Bilurubin": 0.9,
    "Alk_phosphate": 95,
    "Sgot": 28,
    "Albumin": 4,
    "Protime": 75,
    "Histology": 1,
    "Die_Live": 2
  },
  {
    "Age": 51,
    "Sex": 1,
    "Steroid": 1,
    "Antivirals": 2,
    "Fatigue": 1,
    "Malaise": 2,
    "Anorexia": 1,
    "Liver_big": 2,
    "Liver_firm": 2,
    "Spleen_palpable": 1,
    "Spiders": 1,
    "Ascites": 2,
    "Varices": 2,
    "Bilurubin": 1.4,
    "Alk_phosphate": 105,
    "Sgot": 87,
    "Albumin": 3.8,
    "Protime": 62,
    "Histology": 1,
    "Die_Live": 1
  },
  {
    "Age": 23,
    "Sex": 1,
    "Steroid": 2,
    "Antivirals": 2,
    "Fatigue": 2,
    "Malaise": 2,
    "Anorexia": 2,
    "Liver_big": 2,
    "Liver_firm": 2,
    "Spleen_palpable": 2,
    "Spiders": 2,
    "Ascites": 2,
    "Varices": 2,
    "Bilurubin": 1,
    "Alk_phosphate": 105,
    "Sgot": 87,
    "Albumin": 3.8,
    "Protime": 62,
    "Histology": 1,
    "Die_Live": 2
  },
  {
    "Age": 39,
    "Sex": 1,
    "Steroid": 2,
    "Antivirals": 2,
    "Fatigue": 1,
    "Malaise": 2,
    "Anorexia": 2,
    "Liver_big": 2,
    "Liver_firm": 1,
    "Spleen_palpable": 2,
    "Spiders": 2,
    "Ascites": 2,
    "Varices": 2,
    "Bilurubin": 0.7,
    "Alk_phosphate": 105,
    "Sgot": 48,
    "Albumin": 4.4,
    "Protime": 62,
    "Histology": 1,
    "Die_Live": 2
  },
  {
    "Age": 30,
    "Sex": 1,
    "Steroid": 2,
    "Antivirals": 2,
    "Fatigue": 2,
    "Malaise": 2,
    "Anorexia": 2,
    "Liver_big": 2,
    "Liver_firm": 2,
    "Spleen_palpable": 2,
    "Spiders": 2,
    "Ascites": 2,
    "Varices": 2,
    "Bilurubin": 1,
    "Alk_phosphate": 105,
    "Sgot": 120,
    "Albumin": 3.9,
    "Protime": 62,
    "Histology": 1,
    "Die_Live": 2
  },
  {
    "Age": 39,
    "Sex": 1,
    "Steroid": 1,
    "Antivirals": 1,
    "Fatigue": 2,
    "Malaise": 2,
    "Anorexia": 2,
    "Liver_big": 1,
    "Liver_firm": 1,
    "Spleen_palpable": 2,
    "Spiders": 2,
    "Ascites": 2,
    "Varices": 2,
    "Bilurubin": 1.3,
    "Alk_phosphate": 78,
    "Sgot": 30,
    "Albumin": 4.4,
    "Protime": 85,
    "Histology": 1,
    "Die_Live": 2
  },
  {
    "Age": 32,
    "Sex": 1,
    "Steroid": 2,
    "Antivirals": 1,
    "Fatigue": 1,
    "Malaise": 2,
    "Anorexia": 2,
    "Liver_big": 2,
    "Liver_firm": 1,
    "Spleen_palpable": 2,
    "Spiders": 1,
    "Ascites": 2,
    "Varices": 2,
    "Bilurubin": 1,
    "Alk_phosphate": 59,
    "Sgot": 249,
    "Albumin": 3.7,
    "Protime": 54,
    "Histology": 1,
    "Die_Live": 2
  },
  {
    "Age": 41,
    "Sex": 1,
    "Steroid": 2,
    "Antivirals": 1,
    "Fatigue": 1,
    "Malaise": 2,
    "Anorexia": 2,
    "Liver_big": 2,
    "Liver_firm": 1,
    "Spleen_palpable": 2,
    "Spiders": 2,
    "Ascites": 2,
    "Varices": 2,
    "Bilurubin": 0.9,
    "Alk_phosphate": 81,
    "Sgot": 60,
    "Albumin": 3.9,
    "Protime": 52,
    "Histology": 1,
    "Die_Live": 2
  },
  {
    "Age": 30,
    "Sex": 1,
    "Steroid": 2,
    "Antivirals": 2,
    "Fatigue": 1,
    "Malaise": 2,
    "Anorexia": 2,
    "Liver_big": 2,
    "Liver_firm": 1,
    "Spleen_palpable": 2,
    "Spiders": 2,
    "Ascites": 2,
    "Varices": 2,
    "Bilurubin": 2.2,
    "Alk_phosphate": 57,
    "Sgot": 144,
    "Albumin": 4.9,
    "Protime": 78,
    "Histology": 1,
    "Die_Live": 2
  },
  {
    "Age": 47,
    "Sex": 1,
    "Steroid": 1,
    "Antivirals": 1,
    "Fatigue": 2,
    "Malaise": 2,
    "Anorexia": 2,
    "Liver_big": 2,
    "Liver_firm": 2,
    "Spleen_palpable": 2,
    "Spiders": 2,
    "Ascites": 2,
    "Varices": 2,
    "Bilurubin": 1.4,
    "Alk_phosphate": 105,
    "Sgot": 60,
    "Albumin": 3.8,
    "Protime": 62,
    "Histology": 1,
    "Die_Live": 2
  },
  {
    "Age": 38,
    "Sex": 1,
    "Steroid": 1,
    "Antivirals": 2,
    "Fatigue": 1,
    "Malaise": 1,
    "Anorexia": 1,
    "Liver_big": 2,
    "Liver_firm": 2,
    "Spleen_palpable": 2,
    "Spiders": 2,
    "Ascites": 1,
    "Varices": 2,
    "Bilurubin": 2,
    "Alk_phosphate": 72,
    "Sgot": 89,
    "Albumin": 2.9,
    "Protime": 46,
    "Histology": 1,
    "Die_Live": 2
  },
  {
    "Age": 66,
    "Sex": 1,
    "Steroid": 2,
    "Antivirals": 2,
    "Fatigue": 1,
    "Malaise": 2,
    "Anorexia": 2,
    "Liver_big": 2,
    "Liver_firm": 2,
    "Spleen_palpable": 2,
    "Spiders": 2,
    "Ascites": 2,
    "Varices": 2,
    "Bilurubin": 1.2,
    "Alk_phosphate": 102,
    "Sgot": 53,
    "Albumin": 4.3,
    "Protime": 62,
    "Histology": 1,
    "Die_Live": 2
  },
  {
    "Age": 40,
    "Sex": 1,
    "Steroid": 1,
    "Antivirals": 2,
    "Fatigue": 1,
    "Malaise": 2,
    "Anorexia": 2,
    "Liver_big": 2,
    "Liver_firm": 1,
    "Spleen_palpable": 2,
    "Spiders": 2,
    "Ascites": 2,
    "Varices": 2,
    "Bilurubin": 0.6,
    "Alk_phosphate": 62,
    "Sgot": 166,
    "Albumin": 4,
    "Protime": 63,
    "Histology": 1,
    "Die_Live": 2
  },
  {
    "Age": 38,
    "Sex": 1,
    "Steroid": 2,
    "Antivirals": 2,
    "Fatigue": 2,
    "Malaise": 2,
    "Anorexia": 2,
    "Liver_big": 2,
    "Liver_firm": 2,
    "Spleen_palpable": 2,
    "Spiders": 2,
    "Ascites": 2,
    "Varices": 2,
    "Bilurubin": 0.7,
    "Alk_phosphate": 53,
    "Sgot": 42,
    "Albumin": 4.1,
    "Protime": 85,
    "Histology": 2,
    "Die_Live": 2
  },
  {
    "Age": 38,
    "Sex": 1,
    "Steroid": 1,
    "Antivirals": 1,
    "Fatigue": 2,
    "Malaise": 2,
    "Anorexia": 2,
    "Liver_big": 1,
    "Liver_firm": 1,
    "Spleen_palpable": 2,
    "Spiders": 2,
    "Ascites": 2,
    "Varices": 2,
    "Bilurubin": 0.7,
    "Alk_phosphate": 70,
    "Sgot": 28,
    "Albumin": 4.2,
    "Protime": 62,
    "Histology": 1,
    "Die_Live": 2
  },
  {
    "Age": 22,
    "Sex": 2,
    "Steroid": 2,
    "Antivirals": 1,
    "Fatigue": 1,
    "Malaise": 2,
    "Anorexia": 2,
    "Liver_big": 2,
    "Liver_firm": 2,
    "Spleen_palpable": 2,
    "Spiders": 2,
    "Ascites": 2,
    "Varices": 2,
    "Bilurubin": 0.9,
    "Alk_phosphate": 48,
    "Sgot": 20,
    "Albumin": 4.2,
    "Protime": 64,
    "Histology": 1,
    "Die_Live": 2
  },
  {
    "Age": 27,
    "Sex": 1,
    "Steroid": 2,
    "Antivirals": 2,
    "Fatigue": 1,
    "Malaise": 1,
    "Anorexia": 1,
    "Liver_big": 1,
    "Liver_firm": 1,
    "Spleen_palpable": 1,
    "Spiders": 1,
    "Ascites": 2,
    "Varices": 2,
    "Bilurubin": 1.2,
    "Alk_phosphate": 133,
    "Sgot": 98,
    "Albumin": 4.1,
    "Protime": 39,
    "Histology": 1,
    "Die_Live": 2
  },
  {
    "Age": 31,
    "Sex": 1,
    "Steroid": 2,
    "Antivirals": 2,
    "Fatigue": 2,
    "Malaise": 2,
    "Anorexia": 2,
    "Liver_big": 2,
    "Liver_firm": 2,
    "Spleen_palpable": 2,
    "Spiders": 2,
    "Ascites": 2,
    "Varices": 2,
    "Bilurubin": 1,
    "Alk_phosphate": 85,
    "Sgot": 20,
    "Albumin": 4,
    "Protime": 100,
    "Histology": 1,
    "Die_Live": 2
  },
  {
    "Age": 42,
    "Sex": 1,
    "Steroid": 2,
    "Antivirals": 2,
    "Fatigue": 2,
    "Malaise": 2,
    "Anorexia": 2,
    "Liver_big": 2,
    "Liver_firm": 2,
    "Spleen_palpable": 2,
    "Spiders": 2,
    "Ascites": 2,
    "Varices": 2,
    "Bilurubin": 0.9,
    "Alk_phosphate": 60,
    "Sgot": 63,
    "Albumin": 4.7,
    "Protime": 47,
    "Histology": 1,
    "Die_Live": 2
  },
  {
    "Age": 25,
    "Sex": 2,
    "Steroid": 1,
    "Antivirals": 1,
    "Fatigue": 2,
    "Malaise": 2,
    "Anorexia": 2,
    "Liver_big": 2,
    "Liver_firm": 2,
    "Spleen_palpable": 2,
    "Spiders": 2,
    "Ascites": 2,
    "Varices": 2,
    "Bilurubin": 0.4,
    "Alk_phosphate": 45,
    "Sgot": 18,
    "Albumin": 4.3,
    "Protime": 70,
    "Histology": 1,
    "Die_Live": 2
  },
  {
    "Age": 27,
    "Sex": 1,
    "Steroid": 1,
    "Antivirals": 2,
    "Fatigue": 1,
    "Malaise": 1,
    "Anorexia": 2,
    "Liver_big": 2,
    "Liver_firm": 2,
    "Spleen_palpable": 2,
    "Spiders": 2,
    "Ascites": 2,
    "Varices": 2,
    "Bilurubin": 0.8,
    "Alk_phosphate": 95,
    "Sgot": 46,
    "Albumin": 3.8,
    "Protime": 100,
    "Histology": 1,
    "Die_Live": 2
  },
  {
    "Age": 49,
    "Sex": 1,
    "Steroid": 1,
    "Antivirals": 1,
    "Fatigue": 1,
    "Malaise": 1,
    "Anorexia": 1,
    "Liver_big": 2,
    "Liver_firm": 1,
    "Spleen_palpable": 2,
    "Spiders": 1,
    "Ascites": 2,
    "Varices": 2,
    "Bilurubin": 0.6,
    "Alk_phosphate": 85,
    "Sgot": 48,
    "Albumin": 3.7,
    "Protime": 62,
    "Histology": 1,
    "Die_Live": 2
  },
  {
    "Age": 58,
    "Sex": 2,
    "Steroid": 2,
    "Antivirals": 2,
    "Fatigue": 1,
    "Malaise": 2,
    "Anorexia": 2,
    "Liver_big": 2,
    "Liver_firm": 1,
    "Spleen_palpable": 2,
    "Spiders": 1,
    "Ascites": 2,
    "Varices": 2,
    "Bilurubin": 1.4,
    "Alk_phosphate": 175,
    "Sgot": 55,
    "Albumin": 2.7,
    "Protime": 36,
    "Histology": 1,
    "Die_Live": 2
  },
  {
    "Age": 61,
    "Sex": 1,
    "Steroid": 1,
    "Antivirals": 2,
    "Fatigue": 1,
    "Malaise": 2,
    "Anorexia": 2,
    "Liver_big": 1,
    "Liver_firm": 1,
    "Spleen_palpable": 2,
    "Spiders": 2,
    "Ascites": 2,
    "Varices": 2,
    "Bilurubin": 1.3,
    "Alk_phosphate": 78,
    "Sgot": 25,
    "Albumin": 3.8,
    "Protime": 100,
    "Histology": 1,
    "Die_Live": 2
  },
  {
    "Age": 51,
    "Sex": 1,
    "Steroid": 1,
    "Antivirals": 1,
    "Fatigue": 1,
    "Malaise": 1,
    "Anorexia": 2,
    "Liver_big": 2,
    "Liver_firm": 2,
    "Spleen_palpable": 2,
    "Spiders": 2,
    "Ascites": 2,
    "Varices": 2,
    "Bilurubin": 1,
    "Alk_phosphate": 78,
    "Sgot": 58,
    "Albumin": 4.6,
    "Protime": 52,
    "Histology": 1,
    "Die_Live": 2
  },
  {
    "Age": 39,
    "Sex": 1,
    "Steroid": 1,
    "Antivirals": 1,
    "Fatigue": 1,
    "Malaise": 1,
    "Anorexia": 2,
    "Liver_big": 2,
    "Liver_firm": 1,
    "Spleen_palpable": 2,
    "Spiders": 2,
    "Ascites": 2,
    "Varices": 2,
    "Bilurubin": 2.3,
    "Alk_phosphate": 280,
    "Sgot": 98,
    "Albumin": 3.8,
    "Protime": 40,
    "Histology": 1,
    "Die_Live": 1
  },
  {
    "Age": 62,
    "Sex": 1,
    "Steroid": 1,
    "Antivirals": 2,
    "Fatigue": 1,
    "Malaise": 1,
    "Anorexia": 2,
    "Liver_big": 2,
    "Liver_firm": 2,
    "Spleen_palpable": 2,
    "Spiders": 2,
    "Ascites": 2,
    "Varices": 2,
    "Bilurubin": 1,
    "Alk_phosphate": 105,
    "Sgot": 60,
    "Albumin": 3.8,
    "Protime": 62,
    "Histology": 1,
    "Die_Live": 1
  },
  {
    "Age": 41,
    "Sex": 2,
    "Steroid": 2,
    "Antivirals": 1,
    "Fatigue": 1,
    "Malaise": 1,
    "Anorexia": 1,
    "Liver_big": 2,
    "Liver_firm": 2,
    "Spleen_palpable": 2,
    "Spiders": 2,
    "Ascites": 2,
    "Varices": 2,
    "Bilurubin": 0.7,
    "Alk_phosphate": 81,
    "Sgot": 53,
    "Albumin": 5,
    "Protime": 74,
    "Histology": 1,
    "Die_Live": 2
  },
  {
    "Age": 26,
    "Sex": 2,
    "Steroid": 1,
    "Antivirals": 2,
    "Fatigue": 2,
    "Malaise": 2,
    "Anorexia": 2,
    "Liver_big": 2,
    "Liver_firm": 1,
    "Spleen_palpable": 2,
    "Spiders": 2,
    "Ascites": 2,
    "Varices": 2,
    "Bilurubin": 0.5,
    "Alk_phosphate": 135,
    "Sgot": 29,
    "Albumin": 3.8,
    "Protime": 60,
    "Histology": 1,
    "Die_Live": 2
  },
  {
    "Age": 35,
    "Sex": 1,
    "Steroid": 2,
    "Antivirals": 2,
    "Fatigue": 1,
    "Malaise": 2,
    "Anorexia": 2,
    "Liver_big": 2,
    "Liver_firm": 2,
    "Spleen_palpable": 2,
    "Spiders": 2,
    "Ascites": 2,
    "Varices": 2,
    "Bilurubin": 0.9,
    "Alk_phosphate": 58,
    "Sgot": 92,
    "Albumin": 4.3,
    "Protime": 73,
    "Histology": 1,
    "Die_Live": 2
  },
  {
    "Age": 37,
    "Sex": 1,
    "Steroid": 2,
    "Antivirals": 2,
    "Fatigue": 1,
    "Malaise": 2,
    "Anorexia": 2,
    "Liver_big": 2,
    "Liver_firm": 2,
    "Spleen_palpable": 2,
    "Spiders": 1,
    "Ascites": 2,
    "Varices": 2,
    "Bilurubin": 0.6,
    "Alk_phosphate": 67,
    "Sgot": 28,
    "Albumin": 4.2,
    "Protime": 62,
    "Histology": 1,
    "Die_Live": 1
  },
  {
    "Age": 23,
    "Sex": 1,
    "Steroid": 2,
    "Antivirals": 2,
    "Fatigue": 1,
    "Malaise": 1,
    "Anorexia": 1,
    "Liver_big": 2,
    "Liver_firm": 2,
    "Spleen_palpable": 1,
    "Spiders": 2,
    "Ascites": 2,
    "Varices": 2,
    "Bilurubin": 1.3,
    "Alk_phosphate": 194,
    "Sgot": 150,
    "Albumin": 4.1,
    "Protime": 90,
    "Histology": 1,
    "Die_Live": 2
  },
  {
    "Age": 20,
    "Sex": 2,
    "Steroid": 1,
    "Antivirals": 2,
    "Fatigue": 1,
    "Malaise": 1,
    "Anorexia": 1,
    "Liver_big": 1,
    "Liver_firm": 1,
    "Spleen_palpable": 1,
    "Spiders": 1,
    "Ascites": 2,
    "Varices": 2,
    "Bilurubin": 2.3,
    "Alk_phosphate": 150,
    "Sgot": 68,
    "Albumin": 3.9,
    "Protime": 62,
    "Histology": 1,
    "Die_Live": 2
  },
  {
    "Age": 42,
    "Sex": 1,
    "Steroid": 1,
    "Antivirals": 2,
    "Fatigue": 2,
    "Malaise": 2,
    "Anorexia": 2,
    "Liver_big": 2,
    "Liver_firm": 2,
    "Spleen_palpable": 2,
    "Spiders": 2,
    "Ascites": 2,
    "Varices": 2,
    "Bilurubin": 1,
    "Alk_phosphate": 85,
    "Sgot": 14,
    "Albumin": 4,
    "Protime": 100,
    "Histology": 1,
    "Die_Live": 2
  },
  {
    "Age": 65,
    "Sex": 1,
    "Steroid": 2,
    "Antivirals": 2,
    "Fatigue": 1,
    "Malaise": 1,
    "Anorexia": 2,
    "Liver_big": 2,
    "Liver_firm": 1,
    "Spleen_palpable": 1,
    "Spiders": 1,
    "Ascites": 1,
    "Varices": 2,
    "Bilurubin": 0.3,
    "Alk_phosphate": 180,
    "Sgot": 53,
    "Albumin": 2.9,
    "Protime": 74,
    "Histology": 2,
    "Die_Live": 2
  },
  {
    "Age": 52,
    "Sex": 1,
    "Steroid": 1,
    "Antivirals": 1,
    "Fatigue": 2,
    "Malaise": 2,
    "Anorexia": 2,
    "Liver_big": 2,
    "Liver_firm": 2,
    "Spleen_palpable": 2,
    "Spiders": 2,
    "Ascites": 2,
    "Varices": 2,
    "Bilurubin": 0.7,
    "Alk_phosphate": 75,
    "Sgot": 55,
    "Albumin": 4,
    "Protime": 21,
    "Histology": 1,
    "Die_Live": 2
  },
  {
    "Age": 23,
    "Sex": 1,
    "Steroid": 2,
    "Antivirals": 2,
    "Fatigue": 2,
    "Malaise": 2,
    "Anorexia": 2,
    "Liver_big": 2,
    "Liver_firm": 2,
    "Spleen_palpable": 2,
    "Spiders": 2,
    "Ascites": 2,
    "Varices": 2,
    "Bilurubin": 4.6,
    "Alk_phosphate": 56,
    "Sgot": 16,
    "Albumin": 4.6,
    "Protime": 62,
    "Histology": 1,
    "Die_Live": 2
  },
  {
    "Age": 33,
    "Sex": 1,
    "Steroid": 2,
    "Antivirals": 2,
    "Fatigue": 2,
    "Malaise": 2,
    "Anorexia": 2,
    "Liver_big": 2,
    "Liver_firm": 2,
    "Spleen_palpable": 2,
    "Spiders": 2,
    "Ascites": 2,
    "Varices": 2,
    "Bilurubin": 1,
    "Alk_phosphate": 46,
    "Sgot": 90,
    "Albumin": 4.4,
    "Protime": 60,
    "Histology": 1,
    "Die_Live": 2
  },
  {
    "Age": 56,
    "Sex": 1,
    "Steroid": 1,
    "Antivirals": 2,
    "Fatigue": 1,
    "Malaise": 2,
    "Anorexia": 2,
    "Liver_big": 2,
    "Liver_firm": 2,
    "Spleen_palpable": 2,
    "Spiders": 2,
    "Ascites": 2,
    "Varices": 2,
    "Bilurubin": 0.7,
    "Alk_phosphate": 71,
    "Sgot": 18,
    "Albumin": 4.4,
    "Protime": 100,
    "Histology": 1,
    "Die_Live": 2
  },
  {
    "Age": 34,
    "Sex": 1,
    "Steroid": 2,
    "Antivirals": 2,
    "Fatigue": 2,
    "Malaise": 2,
    "Anorexia": 2,
    "Liver_big": 2,
    "Liver_firm": 2,
    "Spleen_palpable": 2,
    "Spiders": 2,
    "Ascites": 2,
    "Varices": 2,
    "Bilurubin": 1.4,
    "Alk_phosphate": 105,
    "Sgot": 86,
    "Albumin": 3.8,
    "Protime": 62,
    "Histology": 1,
    "Die_Live": 2
  },
  {
    "Age": 28,
    "Sex": 1,
    "Steroid": 2,
    "Antivirals": 2,
    "Fatigue": 1,
    "Malaise": 1,
    "Anorexia": 2,
    "Liver_big": 2,
    "Liver_firm": 2,
    "Spleen_palpable": 2,
    "Spiders": 2,
    "Ascites": 2,
    "Varices": 2,
    "Bilurubin": 0.7,
    "Alk_phosphate": 74,
    "Sgot": 110,
    "Albumin": 4.4,
    "Protime": 62,
    "Histology": 1,
    "Die_Live": 2
  },
  {
    "Age": 37,
    "Sex": 1,
    "Steroid": 1,
    "Antivirals": 2,
    "Fatigue": 2,
    "Malaise": 2,
    "Anorexia": 2,
    "Liver_big": 2,
    "Liver_firm": 1,
    "Spleen_palpable": 2,
    "Spiders": 1,
    "Ascites": 2,
    "Varices": 2,
    "Bilurubin": 0.6,
    "Alk_phosphate": 80,
    "Sgot": 80,
    "Albumin": 3.8,
    "Protime": 62,
    "Histology": 1,
    "Die_Live": 2
  },
  {
    "Age": 28,
    "Sex": 2,
    "Steroid": 2,
    "Antivirals": 2,
    "Fatigue": 1,
    "Malaise": 1,
    "Anorexia": 2,
    "Liver_big": 2,
    "Liver_firm": 1,
    "Spleen_palpable": 2,
    "Spiders": 2,
    "Ascites": 2,
    "Varices": 2,
    "Bilurubin": 1.8,
    "Alk_phosphate": 191,
    "Sgot": 420,
    "Albumin": 3.3,
    "Protime": 46,
    "Histology": 1,
    "Die_Live": 2
  },
  {
    "Age": 36,
    "Sex": 1,
    "Steroid": 1,
    "Antivirals": 2,
    "Fatigue": 2,
    "Malaise": 2,
    "Anorexia": 2,
    "Liver_big": 2,
    "Liver_firm": 2,
    "Spleen_palpable": 1,
    "Spiders": 2,
    "Ascites": 2,
    "Varices": 2,
    "Bilurubin": 0.8,
    "Alk_phosphate": 85,
    "Sgot": 44,
    "Albumin": 4.2,
    "Protime": 85,
    "Histology": 1,
    "Die_Live": 2
  },
  {
    "Age": 38,
    "Sex": 1,
    "Steroid": 2,
    "Antivirals": 1,
    "Fatigue": 1,
    "Malaise": 1,
    "Anorexia": 1,
    "Liver_big": 2,
    "Liver_firm": 2,
    "Spleen_palpable": 2,
    "Spiders": 1,
    "Ascites": 2,
    "Varices": 2,
    "Bilurubin": 0.7,
    "Alk_phosphate": 125,
    "Sgot": 65,
    "Albumin": 4.2,
    "Protime": 77,
    "Histology": 1,
    "Die_Live": 2
  },
  {
    "Age": 39,
    "Sex": 1,
    "Steroid": 1,
    "Antivirals": 2,
    "Fatigue": 2,
    "Malaise": 2,
    "Anorexia": 2,
    "Liver_big": 2,
    "Liver_firm": 2,
    "Spleen_palpable": 2,
    "Spiders": 2,
    "Ascites": 2,
    "Varices": 2,
    "Bilurubin": 0.9,
    "Alk_phosphate": 85,
    "Sgot": 60,
    "Albumin": 4,
    "Protime": 62,
    "Histology": 1,
    "Die_Live": 2
  },
  {
    "Age": 39,
    "Sex": 1,
    "Steroid": 2,
    "Antivirals": 2,
    "Fatigue": 2,
    "Malaise": 2,
    "Anorexia": 2,
    "Liver_big": 2,
    "Liver_firm": 2,
    "Spleen_palpable": 2,
    "Spiders": 2,
    "Ascites": 2,
    "Varices": 2,
    "Bilurubin": 1,
    "Alk_phosphate": 85,
    "Sgot": 20,
    "Albumin": 4,
    "Protime": 62,
    "Histology": 1,
    "Die_Live": 2
  },
  {
    "Age": 44,
    "Sex": 1,
    "Steroid": 2,
    "Antivirals": 2,
    "Fatigue": 2,
    "Malaise": 2,
    "Anorexia": 2,
    "Liver_big": 2,
    "Liver_firm": 2,
    "Spleen_palpable": 2,
    "Spiders": 2,
    "Ascites": 2,
    "Varices": 2,
    "Bilurubin": 0.6,
    "Alk_phosphate": 110,
    "Sgot": 145,
    "Albumin": 4.4,
    "Protime": 70,
    "Histology": 1,
    "Die_Live": 2
  },
  {
    "Age": 40,
    "Sex": 1,
    "Steroid": 2,
    "Antivirals": 1,
    "Fatigue": 1,
    "Malaise": 2,
    "Anorexia": 2,
    "Liver_big": 2,
    "Liver_firm": 1,
    "Spleen_palpable": 1,
    "Spiders": 2,
    "Ascites": 2,
    "Varices": 2,
    "Bilurubin": 1.2,
    "Alk_phosphate": 85,
    "Sgot": 31,
    "Albumin": 4,
    "Protime": 100,
    "Histology": 1,
    "Die_Live": 2
  },
  {
    "Age": 30,
    "Sex": 1,
    "Steroid": 2,
    "Antivirals": 2,
    "Fatigue": 1,
    "Malaise": 2,
    "Anorexia": 2,
    "Liver_big": 2,
    "Liver_firm": 2,
    "Spleen_palpable": 2,
    "Spiders": 2,
    "Ascites": 2,
    "Varices": 2,
    "Bilurubin": 0.7,
    "Alk_phosphate": 50,
    "Sgot": 78,
    "Albumin": 4.2,
    "Protime": 74,
    "Histology": 1,
    "Die_Live": 2
  },
  {
    "Age": 37,
    "Sex": 1,
    "Steroid": 1,
    "Antivirals": 2,
    "Fatigue": 1,
    "Malaise": 1,
    "Anorexia": 1,
    "Liver_big": 2,
    "Liver_firm": 2,
    "Spleen_palpable": 2,
    "Spiders": 2,
    "Ascites": 2,
    "Varices": 2,
    "Bilurubin": 0.8,
    "Alk_phosphate": 92,
    "Sgot": 59,
    "Albumin": 3.8,
    "Protime": 62,
    "Histology": 1,
    "Die_Live": 2
  },
  {
    "Age": 34,
    "Sex": 1,
    "Steroid": 1,
    "Antivirals": 2,
    "Fatigue": 1,
    "Malaise": 2,
    "Anorexia": 2,
    "Liver_big": 2,
    "Liver_firm": 2,
    "Spleen_palpable": 2,
    "Spiders": 2,
    "Ascites": 2,
    "Varices": 2,
    "Bilurubin": 1.4,
    "Alk_phosphate": 105,
    "Sgot": 87,
    "Albumin": 3.8,
    "Protime": 62,
    "Histology": 1,
    "Die_Live": 2
  },
  {
    "Age": 30,
    "Sex": 1,
    "Steroid": 2,
    "Antivirals": 1,
    "Fatigue": 2,
    "Malaise": 2,
    "Anorexia": 2,
    "Liver_big": 2,
    "Liver_firm": 2,
    "Spleen_palpable": 2,
    "Spiders": 2,
    "Ascites": 2,
    "Varices": 2,
    "Bilurubin": 0.7,
    "Alk_phosphate": 52,
    "Sgot": 38,
    "Albumin": 3.9,
    "Protime": 52,
    "Histology": 1,
    "Die_Live": 2
  },
  {
    "Age": 64,
    "Sex": 1,
    "Steroid": 2,
    "Antivirals": 1,
    "Fatigue": 1,
    "Malaise": 1,
    "Anorexia": 2,
    "Liver_big": 1,
    "Liver_firm": 1,
    "Spleen_palpable": 2,
    "Spiders": 2,
    "Ascites": 2,
    "Varices": 2,
    "Bilurubin": 1,
    "Alk_phosphate": 80,
    "Sgot": 38,
    "Albumin": 4.3,
    "Protime": 74,
    "Histology": 1,
    "Die_Live": 2
  },
  {
    "Age": 45,
    "Sex": 2,
    "Steroid": 1,
    "Antivirals": 2,
    "Fatigue": 1,
    "Malaise": 1,
    "Anorexia": 2,
    "Liver_big": 2,
    "Liver_firm": 2,
    "Spleen_palpable": 1,
    "Spiders": 2,
    "Ascites": 2,
    "Varices": 2,
    "Bilurubin": 1,
    "Alk_phosphate": 85,
    "Sgot": 75,
    "Albumin": 3.8,
    "Protime": 62,
    "Histology": 1,
    "Die_Live": 2
  },
  {
    "Age": 37,
    "Sex": 1,
    "Steroid": 2,
    "Antivirals": 2,
    "Fatigue": 2,
    "Malaise": 2,
    "Anorexia": 2,
    "Liver_big": 2,
    "Liver_firm": 2,
    "Spleen_palpable": 2,
    "Spiders": 2,
    "Ascites": 2,
    "Varices": 2,
    "Bilurubin": 0.7,
    "Alk_phosphate": 26,
    "Sgot": 58,
    "Albumin": 4.5,
    "Protime": 100,
    "Histology": 1,
    "Die_Live": 2
  },
  {
    "Age": 32,
    "Sex": 1,
    "Steroid": 2,
    "Antivirals": 2,
    "Fatigue": 2,
    "Malaise": 2,
    "Anorexia": 2,
    "Liver_big": 2,
    "Liver_firm": 2,
    "Spleen_palpable": 2,
    "Spiders": 2,
    "Ascites": 2,
    "Varices": 2,
    "Bilurubin": 0.7,
    "Alk_phosphate": 102,
    "Sgot": 64,
    "Albumin": 4,
    "Protime": 90,
    "Histology": 1,
    "Die_Live": 2
  },
  {
    "Age": 32,
    "Sex": 1,
    "Steroid": 2,
    "Antivirals": 2,
    "Fatigue": 1,
    "Malaise": 1,
    "Anorexia": 1,
    "Liver_big": 2,
    "Liver_firm": 2,
    "Spleen_palpable": 2,
    "Spiders": 1,
    "Ascites": 2,
    "Varices": 1,
    "Bilurubin": 3.5,
    "Alk_phosphate": 215,
    "Sgot": 54,
    "Albumin": 3.4,
    "Protime": 29,
    "Histology": 1,
    "Die_Live": 2
  },
  {
    "Age": 36,
    "Sex": 1,
    "Steroid": 1,
    "Antivirals": 2,
    "Fatigue": 2,
    "Malaise": 2,
    "Anorexia": 2,
    "Liver_big": 1,
    "Liver_firm": 1,
    "Spleen_palpable": 1,
    "Spiders": 2,
    "Ascites": 2,
    "Varices": 2,
    "Bilurubin": 0.7,
    "Alk_phosphate": 164,
    "Sgot": 44,
    "Albumin": 3.1,
    "Protime": 41,
    "Histology": 1,
    "Die_Live": 2
  },
  {
    "Age": 49,
    "Sex": 1,
    "Steroid": 2,
    "Antivirals": 2,
    "Fatigue": 1,
    "Malaise": 1,
    "Anorexia": 2,
    "Liver_big": 2,
    "Liver_firm": 2,
    "Spleen_palpable": 2,
    "Spiders": 2,
    "Ascites": 2,
    "Varices": 2,
    "Bilurubin": 0.8,
    "Alk_phosphate": 103,
    "Sgot": 43,
    "Albumin": 3.5,
    "Protime": 66,
    "Histology": 1,
    "Die_Live": 2
  },
  {
    "Age": 27,
    "Sex": 1,
    "Steroid": 2,
    "Antivirals": 2,
    "Fatigue": 2,
    "Malaise": 2,
    "Anorexia": 2,
    "Liver_big": 2,
    "Liver_firm": 2,
    "Spleen_palpable": 2,
    "Spiders": 2,
    "Ascites": 2,
    "Varices": 2,
    "Bilurubin": 0.8,
    "Alk_phosphate": 105,
    "Sgot": 38,
    "Albumin": 4.2,
    "Protime": 62,
    "Histology": 1,
    "Die_Live": 2
  },
  {
    "Age": 56,
    "Sex": 1,
    "Steroid": 1,
    "Antivirals": 2,
    "Fatigue": 2,
    "Malaise": 2,
    "Anorexia": 2,
    "Liver_big": 2,
    "Liver_firm": 2,
    "Spleen_palpable": 2,
    "Spiders": 2,
    "Ascites": 2,
    "Varices": 2,
    "Bilurubin": 0.7,
    "Alk_phosphate": 62,
    "Sgot": 33,
    "Albumin": 3,
    "Protime": 62,
    "Histology": 1,
    "Die_Live": 2
  },
  {
    "Age": 57,
    "Sex": 1,
    "Steroid": 2,
    "Antivirals": 2,
    "Fatigue": 1,
    "Malaise": 1,
    "Anorexia": 1,
    "Liver_big": 2,
    "Liver_firm": 2,
    "Spleen_palpable": 2,
    "Spiders": 1,
    "Ascites": 1,
    "Varices": 2,
    "Bilurubin": 4.1,
    "Alk_phosphate": 105,
    "Sgot": 48,
    "Albumin": 2.6,
    "Protime": 73,
    "Histology": 1,
    "Die_Live": 1
  },
  {
    "Age": 39,
    "Sex": 1,
    "Steroid": 2,
    "Antivirals": 2,
    "Fatigue": 1,
    "Malaise": 2,
    "Anorexia": 2,
    "Liver_big": 2,
    "Liver_firm": 2,
    "Spleen_palpable": 2,
    "Spiders": 2,
    "Ascites": 2,
    "Varices": 2,
    "Bilurubin": 1,
    "Alk_phosphate": 34,
    "Sgot": 15,
    "Albumin": 4,
    "Protime": 54,
    "Histology": 1,
    "Die_Live": 2
  },
  {
    "Age": 44,
    "Sex": 1,
    "Steroid": 1,
    "Antivirals": 2,
    "Fatigue": 1,
    "Malaise": 1,
    "Anorexia": 2,
    "Liver_big": 2,
    "Liver_firm": 2,
    "Spleen_palpable": 2,
    "Spiders": 2,
    "Ascites": 2,
    "Varices": 2,
    "Bilurubin": 1.6,
    "Alk_phosphate": 68,
    "Sgot": 68,
    "Albumin": 3.7,
    "Protime": 62,
    "Histology": 1,
    "Die_Live": 2
  },
  {
    "Age": 24,
    "Sex": 1,
    "Steroid": 2,
    "Antivirals": 2,
    "Fatigue": 2,
    "Malaise": 2,
    "Anorexia": 2,
    "Liver_big": 2,
    "Liver_firm": 2,
    "Spleen_palpable": 2,
    "Spiders": 2,
    "Ascites": 2,
    "Varices": 2,
    "Bilurubin": 0.8,
    "Alk_phosphate": 82,
    "Sgot": 39,
    "Albumin": 4.3,
    "Protime": 62,
    "Histology": 1,
    "Die_Live": 2
  },
  {
    "Age": 34,
    "Sex": 1,
    "Steroid": 1,
    "Antivirals": 2,
    "Fatigue": 1,
    "Malaise": 1,
    "Anorexia": 2,
    "Liver_big": 1,
    "Liver_firm": 1,
    "Spleen_palpable": 2,
    "Spiders": 1,
    "Ascites": 2,
    "Varices": 2,
    "Bilurubin": 2.8,
    "Alk_phosphate": 127,
    "Sgot": 182,
    "Albumin": 3.8,
    "Protime": 62,
    "Histology": 1,
    "Die_Live": 1
  },
  {
    "Age": 51,
    "Sex": 1,
    "Steroid": 2,
    "Antivirals": 2,
    "Fatigue": 1,
    "Malaise": 1,
    "Anorexia": 1,
    "Liver_big": 2,
    "Liver_firm": 2,
    "Spleen_palpable": 2,
    "Spiders": 2,
    "Ascites": 2,
    "Varices": 2,
    "Bilurubin": 0.9,
    "Alk_phosphate": 76,
    "Sgot": 271,
    "Albumin": 4.4,
    "Protime": 62,
    "Histology": 1,
    "Die_Live": 2
  },
  {
    "Age": 36,
    "Sex": 1,
    "Steroid": 1,
    "Antivirals": 2,
    "Fatigue": 1,
    "Malaise": 1,
    "Anorexia": 1,
    "Liver_big": 2,
    "Liver_firm": 1,
    "Spleen_palpable": 2,
    "Spiders": 2,
    "Ascites": 2,
    "Varices": 2,
    "Bilurubin": 1,
    "Alk_phosphate": 105,
    "Sgot": 45,
    "Albumin": 4,
    "Protime": 57,
    "Histology": 1,
    "Die_Live": 2
  },
  {
    "Age": 50,
    "Sex": 1,
    "Steroid": 2,
    "Antivirals": 2,
    "Fatigue": 2,
    "Malaise": 2,
    "Anorexia": 2,
    "Liver_big": 2,
    "Liver_firm": 2,
    "Spleen_palpable": 2,
    "Spiders": 2,
    "Ascites": 2,
    "Varices": 2,
    "Bilurubin": 1.5,
    "Alk_phosphate": 100,
    "Sgot": 100,
    "Albumin": 5.3,
    "Protime": 62,
    "Histology": 1,
    "Die_Live": 2
  },
  {
    "Age": 32,
    "Sex": 1,
    "Steroid": 1,
    "Antivirals": 1,
    "Fatigue": 1,
    "Malaise": 1,
    "Anorexia": 2,
    "Liver_big": 2,
    "Liver_firm": 2,
    "Spleen_palpable": 2,
    "Spiders": 2,
    "Ascites": 2,
    "Varices": 2,
    "Bilurubin": 1,
    "Alk_phosphate": 55,
    "Sgot": 45,
    "Albumin": 4.1,
    "Protime": 56,
    "Histology": 1,
    "Die_Live": 2
  },
  {
    "Age": 58,
    "Sex": 1,
    "Steroid": 2,
    "Antivirals": 2,
    "Fatigue": 1,
    "Malaise": 2,
    "Anorexia": 2,
    "Liver_big": 1,
    "Liver_firm": 1,
    "Spleen_palpable": 1,
    "Spiders": 1,
    "Ascites": 2,
    "Varices": 2,
    "Bilurubin": 2,
    "Alk_phosphate": 167,
    "Sgot": 242,
    "Albumin": 3.3,
    "Protime": 62,
    "Histology": 1,
    "Die_Live": 1
  },
  {
    "Age": 34,
    "Sex": 2,
    "Steroid": 1,
    "Antivirals": 1,
    "Fatigue": 2,
    "Malaise": 2,
    "Anorexia": 2,
    "Liver_big": 2,
    "Liver_firm": 1,
    "Spleen_palpable": 2,
    "Spiders": 2,
    "Ascites": 2,
    "Varices": 2,
    "Bilurubin": 0.6,
    "Alk_phosphate": 30,
    "Sgot": 24,
    "Albumin": 4,
    "Protime": 76,
    "Histology": 1,
    "Die_Live": 2
  },
  {
    "Age": 34,
    "Sex": 1,
    "Steroid": 1,
    "Antivirals": 2,
    "Fatigue": 1,
    "Malaise": 2,
    "Anorexia": 2,
    "Liver_big": 1,
    "Liver_firm": 1,
    "Spleen_palpable": 2,
    "Spiders": 1,
    "Ascites": 2,
    "Varices": 2,
    "Bilurubin": 1,
    "Alk_phosphate": 72,
    "Sgot": 46,
    "Albumin": 4.4,
    "Protime": 57,
    "Histology": 1,
    "Die_Live": 2
  },
  {
    "Age": 28,
    "Sex": 1,
    "Steroid": 2,
    "Antivirals": 2,
    "Fatigue": 2,
    "Malaise": 2,
    "Anorexia": 2,
    "Liver_big": 2,
    "Liver_firm": 2,
    "Spleen_palpable": 2,
    "Spiders": 2,
    "Ascites": 2,
    "Varices": 2,
    "Bilurubin": 0.7,
    "Alk_phosphate": 85,
    "Sgot": 31,
    "Albumin": 4.9,
    "Protime": 62,
    "Histology": 1,
    "Die_Live": 2
  },
  {
    "Age": 23,
    "Sex": 1,
    "Steroid": 2,
    "Antivirals": 2,
    "Fatigue": 1,
    "Malaise": 1,
    "Anorexia": 1,
    "Liver_big": 2,
    "Liver_firm": 2,
    "Spleen_palpable": 2,
    "Spiders": 2,
    "Ascites": 2,
    "Varices": 2,
    "Bilurubin": 0.8,
    "Alk_phosphate": 105,
    "Sgot": 14,
    "Albumin": 4.8,
    "Protime": 62,
    "Histology": 1,
    "Die_Live": 2
  },
  {
    "Age": 36,
    "Sex": 1,
    "Steroid": 2,
    "Antivirals": 2,
    "Fatigue": 2,
    "Malaise": 2,
    "Anorexia": 2,
    "Liver_big": 2,
    "Liver_firm": 2,
    "Spleen_palpable": 2,
    "Spiders": 2,
    "Ascites": 2,
    "Varices": 2,
    "Bilurubin": 0.7,
    "Alk_phosphate": 62,
    "Sgot": 224,
    "Albumin": 4.2,
    "Protime": 100,
    "Histology": 1,
    "Die_Live": 2
  },
  {
    "Age": 30,
    "Sex": 1,
    "Steroid": 1,
    "Antivirals": 2,
    "Fatigue": 2,
    "Malaise": 2,
    "Anorexia": 2,
    "Liver_big": 2,
    "Liver_firm": 2,
    "Spleen_palpable": 2,
    "Spiders": 2,
    "Ascites": 2,
    "Varices": 2,
    "Bilurubin": 0.7,
    "Alk_phosphate": 100,
    "Sgot": 31,
    "Albumin": 4,
    "Protime": 100,
    "Histology": 1,
    "Die_Live": 2
  },
  {
    "Age": 67,
    "Sex": 2,
    "Steroid": 1,
    "Antivirals": 2,
    "Fatigue": 1,
    "Malaise": 1,
    "Anorexia": 2,
    "Liver_big": 2,
    "Liver_firm": 2,
    "Spleen_palpable": 2,
    "Spiders": 2,
    "Ascites": 2,
    "Varices": 2,
    "Bilurubin": 1.5,
    "Alk_phosphate": 179,
    "Sgot": 69,
    "Albumin": 2.9,
    "Protime": 62,
    "Histology": 1,
    "Die_Live": 2
  },
  {
    "Age": 62,
    "Sex": 2,
    "Steroid": 2,
    "Antivirals": 2,
    "Fatigue": 1,
    "Malaise": 1,
    "Anorexia": 2,
    "Liver_big": 2,
    "Liver_firm": 1,
    "Spleen_palpable": 2,
    "Spiders": 1,
    "Ascites": 2,
    "Varices": 2,
    "Bilurubin": 1.3,
    "Alk_phosphate": 141,
    "Sgot": 156,
    "Albumin": 3.9,
    "Protime": 58,
    "Histology": 1,
    "Die_Live": 2
  },
  {
    "Age": 28,
    "Sex": 1,
    "Steroid": 1,
    "Antivirals": 2,
    "Fatigue": 1,
    "Malaise": 1,
    "Anorexia": 1,
    "Liver_big": 2,
    "Liver_firm": 1,
    "Spleen_palpable": 2,
    "Spiders": 2,
    "Ascites": 2,
    "Varices": 2,
    "Bilurubin": 1.6,
    "Alk_phosphate": 44,
    "Sgot": 123,
    "Albumin": 4,
    "Protime": 46,
    "Histology": 1,
    "Die_Live": 2
  },
  {
    "Age": 44,
    "Sex": 1,
    "Steroid": 1,
    "Antivirals": 2,
    "Fatigue": 1,
    "Malaise": 1,
    "Anorexia": 2,
    "Liver_big": 2,
    "Liver_firm": 2,
    "Spleen_palpable": 1,
    "Spiders": 2,
    "Ascites": 2,
    "Varices": 1,
    "Bilurubin": 0.9,
    "Alk_phosphate": 135,
    "Sgot": 55,
    "Albumin": 3.8,
    "Protime": 41,
    "Histology": 2,
    "Die_Live": 1
  },
  {
    "Age": 30,
    "Sex": 1,
    "Steroid": 2,
    "Antivirals": 2,
    "Fatigue": 1,
    "Malaise": 1,
    "Anorexia": 1,
    "Liver_big": 2,
    "Liver_firm": 1,
    "Spleen_palpable": 2,
    "Spiders": 1,
    "Ascites": 1,
    "Varices": 1,
    "Bilurubin": 2.5,
    "Alk_phosphate": 165,
    "Sgot": 64,
    "Albumin": 2.8,
    "Protime": 62,
    "Histology": 2,
    "Die_Live": 1
  },
  {
    "Age": 38,
    "Sex": 1,
    "Steroid": 1,
    "Antivirals": 2,
    "Fatigue": 1,
    "Malaise": 1,
    "Anorexia": 1,
    "Liver_big": 2,
    "Liver_firm": 1,
    "Spleen_palpable": 2,
    "Spiders": 1,
    "Ascites": 1,
    "Varices": 1,
    "Bilurubin": 1.2,
    "Alk_phosphate": 118,
    "Sgot": 16,
    "Albumin": 2.8,
    "Protime": 62,
    "Histology": 2,
    "Die_Live": 1
  },
  {
    "Age": 38,
    "Sex": 1,
    "Steroid": 1,
    "Antivirals": 2,
    "Fatigue": 1,
    "Malaise": 1,
    "Anorexia": 1,
    "Liver_big": 1,
    "Liver_firm": 1,
    "Spleen_palpable": 2,
    "Spiders": 2,
    "Ascites": 2,
    "Varices": 2,
    "Bilurubin": 0.6,
    "Alk_phosphate": 76,
    "Sgot": 18,
    "Albumin": 4.4,
    "Protime": 84,
    "Histology": 2,
    "Die_Live": 2
  },
  {
    "Age": 50,
    "Sex": 2,
    "Steroid": 1,
    "Antivirals": 2,
    "Fatigue": 1,
    "Malaise": 2,
    "Anorexia": 2,
    "Liver_big": 1,
    "Liver_firm": 1,
    "Spleen_palpable": 1,
    "Spiders": 1,
    "Ascites": 2,
    "Varices": 2,
    "Bilurubin": 0.9,
    "Alk_phosphate": 230,
    "Sgot": 117,
    "Albumin": 3.4,
    "Protime": 41,
    "Histology": 2,
    "Die_Live": 2
  },
  {
    "Age": 42,
    "Sex": 1,
    "Steroid": 1,
    "Antivirals": 2,
    "Fatigue": 1,
    "Malaise": 1,
    "Anorexia": 1,
    "Liver_big": 2,
    "Liver_firm": 2,
    "Spleen_palpable": 1,
    "Spiders": 1,
    "Ascites": 2,
    "Varices": 1,
    "Bilurubin": 4.6,
    "Alk_phosphate": 105,
    "Sgot": 55,
    "Albumin": 3.3,
    "Protime": 62,
    "Histology": 2,
    "Die_Live": 1
  },
  {
    "Age": 33,
    "Sex": 1,
    "Steroid": 2,
    "Antivirals": 2,
    "Fatigue": 2,
    "Malaise": 2,
    "Anorexia": 2,
    "Liver_big": 2,
    "Liver_firm": 2,
    "Spleen_palpable": 2,
    "Spiders": 2,
    "Ascites": 2,
    "Varices": 2,
    "Bilurubin": 1,
    "Alk_phosphate": 105,
    "Sgot": 60,
    "Albumin": 4,
    "Protime": 62,
    "Histology": 2,
    "Die_Live": 2
  },
  {
    "Age": 52,
    "Sex": 1,
    "Steroid": 1,
    "Antivirals": 2,
    "Fatigue": 2,
    "Malaise": 2,
    "Anorexia": 2,
    "Liver_big": 2,
    "Liver_firm": 2,
    "Spleen_palpable": 2,
    "Spiders": 2,
    "Ascites": 2,
    "Varices": 2,
    "Bilurubin": 1.5,
    "Alk_phosphate": 105,
    "Sgot": 69,
    "Albumin": 2.9,
    "Protime": 62,
    "Histology": 2,
    "Die_Live": 2
  },
  {
    "Age": 59,
    "Sex": 1,
    "Steroid": 1,
    "Antivirals": 2,
    "Fatigue": 1,
    "Malaise": 1,
    "Anorexia": 2,
    "Liver_big": 2,
    "Liver_firm": 1,
    "Spleen_palpable": 1,
    "Spiders": 1,
    "Ascites": 2,
    "Varices": 2,
    "Bilurubin": 1.5,
    "Alk_phosphate": 107,
    "Sgot": 157,
    "Albumin": 3.6,
    "Protime": 38,
    "Histology": 2,
    "Die_Live": 1
  },
  {
    "Age": 40,
    "Sex": 1,
    "Steroid": 1,
    "Antivirals": 1,
    "Fatigue": 1,
    "Malaise": 1,
    "Anorexia": 1,
    "Liver_big": 1,
    "Liver_firm": 1,
    "Spleen_palpable": 2,
    "Spiders": 2,
    "Ascites": 2,
    "Varices": 2,
    "Bilurubin": 0.6,
    "Alk_phosphate": 40,
    "Sgot": 69,
    "Albumin": 4.2,
    "Protime": 67,
    "Histology": 2,
    "Die_Live": 2
  },
  {
    "Age": 30,
    "Sex": 1,
    "Steroid": 1,
    "Antivirals": 2,
    "Fatigue": 1,
    "Malaise": 1,
    "Anorexia": 2,
    "Liver_big": 2,
    "Liver_firm": 1,
    "Spleen_palpable": 2,
    "Spiders": 1,
    "Ascites": 2,
    "Varices": 2,
    "Bilurubin": 0.8,
    "Alk_phosphate": 147,
    "Sgot": 128,
    "Albumin": 3.9,
    "Protime": 100,
    "Histology": 2,
    "Die_Live": 2
  },
  {
    "Age": 44,
    "Sex": 1,
    "Steroid": 1,
    "Antivirals": 2,
    "Fatigue": 1,
    "Malaise": 1,
    "Anorexia": 2,
    "Liver_big": 1,
    "Liver_firm": 1,
    "Spleen_palpable": 2,
    "Spiders": 1,
    "Ascites": 2,
    "Varices": 2,
    "Bilurubin": 3,
    "Alk_phosphate": 114,
    "Sgot": 65,
    "Albumin": 3.5,
    "Protime": 62,
    "Histology": 2,
    "Die_Live": 2
  },
  {
    "Age": 47,
    "Sex": 1,
    "Steroid": 2,
    "Antivirals": 2,
    "Fatigue": 2,
    "Malaise": 2,
    "Anorexia": 2,
    "Liver_big": 2,
    "Liver_firm": 2,
    "Spleen_palpable": 2,
    "Spiders": 1,
    "Ascites": 2,
    "Varices": 1,
    "Bilurubin": 2,
    "Alk_phosphate": 84,
    "Sgot": 23,
    "Albumin": 4.2,
    "Protime": 66,
    "Histology": 2,
    "Die_Live": 1
  },
  {
    "Age": 60,
    "Sex": 1,
    "Steroid": 1,
    "Antivirals": 2,
    "Fatigue": 1,
    "Malaise": 2,
    "Anorexia": 2,
    "Liver_big": 1,
    "Liver_firm": 1,
    "Spleen_palpable": 1,
    "Spiders": 1,
    "Ascites": 2,
    "Varices": 2,
    "Bilurubin": 1.4,
    "Alk_phosphate": 105,
    "Sgot": 40,
    "Albumin": 3.8,
    "Protime": 62,
    "Histology": 2,
    "Die_Live": 2
  },
  {
    "Age": 48,
    "Sex": 1,
    "Steroid": 1,
    "Antivirals": 2,
    "Fatigue": 1,
    "Malaise": 1,
    "Anorexia": 2,
    "Liver_big": 2,
    "Liver_firm": 1,
    "Spleen_palpable": 2,
    "Spiders": 1,
    "Ascites": 1,
    "Varices": 1,
    "Bilurubin": 4.8,
    "Alk_phosphate": 123,
    "Sgot": 157,
    "Albumin": 2.7,
    "Protime": 31,
    "Histology": 2,
    "Die_Live": 1
  },
  {
    "Age": 22,
    "Sex": 1,
    "Steroid": 2,
    "Antivirals": 2,
    "Fatigue": 2,
    "Malaise": 2,
    "Anorexia": 2,
    "Liver_big": 2,
    "Liver_firm": 2,
    "Spleen_palpable": 2,
    "Spiders": 2,
    "Ascites": 2,
    "Varices": 2,
    "Bilurubin": 0.7,
    "Alk_phosphate": 105,
    "Sgot": 24,
    "Albumin": 3.8,
    "Protime": 62,
    "Histology": 2,
    "Die_Live": 2
  },
  {
    "Age": 27,
    "Sex": 1,
    "Steroid": 1,
    "Antivirals": 2,
    "Fatigue": 1,
    "Malaise": 2,
    "Anorexia": 2,
    "Liver_big": 2,
    "Liver_firm": 1,
    "Spleen_palpable": 2,
    "Spiders": 2,
    "Ascites": 2,
    "Varices": 2,
    "Bilurubin": 2.4,
    "Alk_phosphate": 168,
    "Sgot": 227,
    "Albumin": 3,
    "Protime": 66,
    "Histology": 2,
    "Die_Live": 2
  },
  {
    "Age": 51,
    "Sex": 1,
    "Steroid": 1,
    "Antivirals": 2,
    "Fatigue": 1,
    "Malaise": 1,
    "Anorexia": 1,
    "Liver_big": 2,
    "Liver_firm": 1,
    "Spleen_palpable": 1,
    "Spiders": 1,
    "Ascites": 2,
    "Varices": 1,
    "Bilurubin": 4.6,
    "Alk_phosphate": 215,
    "Sgot": 269,
    "Albumin": 3.9,
    "Protime": 51,
    "Histology": 2,
    "Die_Live": 2
  },
  {
    "Age": 47,
    "Sex": 1,
    "Steroid": 2,
    "Antivirals": 2,
    "Fatigue": 1,
    "Malaise": 1,
    "Anorexia": 2,
    "Liver_big": 2,
    "Liver_firm": 1,
    "Spleen_palpable": 2,
    "Spiders": 2,
    "Ascites": 1,
    "Varices": 1,
    "Bilurubin": 1.7,
    "Alk_phosphate": 86,
    "Sgot": 20,
    "Albumin": 2.1,
    "Protime": 46,
    "Histology": 2,
    "Die_Live": 1
  },
  {
    "Age": 25,
    "Sex": 1,
    "Steroid": 2,
    "Antivirals": 2,
    "Fatigue": 2,
    "Malaise": 2,
    "Anorexia": 2,
    "Liver_big": 2,
    "Liver_firm": 2,
    "Spleen_palpable": 2,
    "Spiders": 2,
    "Ascites": 2,
    "Varices": 2,
    "Bilurubin": 0.6,
    "Alk_phosphate": 105,
    "Sgot": 34,
    "Albumin": 6.4,
    "Protime": 62,
    "Histology": 2,
    "Die_Live": 2
  },
  {
    "Age": 35,
    "Sex": 1,
    "Steroid": 1,
    "Antivirals": 2,
    "Fatigue": 1,
    "Malaise": 2,
    "Anorexia": 2,
    "Liver_big": 2,
    "Liver_firm": 2,
    "Spleen_palpable": 1,
    "Spiders": 1,
    "Ascites": 1,
    "Varices": 2,
    "Bilurubin": 1.5,
    "Alk_phosphate": 138,
    "Sgot": 58,
    "Albumin": 2.6,
    "Protime": 62,
    "Histology": 2,
    "Die_Live": 1
  },
  {
    "Age": 45,
    "Sex": 1,
    "Steroid": 1,
    "Antivirals": 2,
    "Fatigue": 1,
    "Malaise": 1,
    "Anorexia": 1,
    "Liver_big": 2,
    "Liver_firm": 2,
    "Spleen_palpable": 2,
    "Spiders": 2,
    "Ascites": 2,
    "Varices": 2,
    "Bilurubin": 2.3,
    "Alk_phosphate": 105,
    "Sgot": 648,
    "Albumin": 3.8,
    "Protime": 62,
    "Histology": 2,
    "Die_Live": 2
  },
  {
    "Age": 54,
    "Sex": 1,
    "Steroid": 1,
    "Antivirals": 1,
    "Fatigue": 2,
    "Malaise": 2,
    "Anorexia": 2,
    "Liver_big": 1,
    "Liver_firm": 1,
    "Spleen_palpable": 2,
    "Spiders": 2,
    "Ascites": 2,
    "Varices": 2,
    "Bilurubin": 1,
    "Alk_phosphate": 155,
    "Sgot": 225,
    "Albumin": 3.6,
    "Protime": 67,
    "Histology": 2,
    "Die_Live": 2
  },
  {
    "Age": 33,
    "Sex": 1,
    "Steroid": 1,
    "Antivirals": 2,
    "Fatigue": 1,
    "Malaise": 1,
    "Anorexia": 2,
    "Liver_big": 2,
    "Liver_firm": 2,
    "Spleen_palpable": 2,
    "Spiders": 2,
    "Ascites": 1,
    "Varices": 2,
    "Bilurubin": 0.7,
    "Alk_phosphate": 63,
    "Sgot": 80,
    "Albumin": 3,
    "Protime": 31,
    "Histology": 2,
    "Die_Live": 1
  },
  {
    "Age": 7,
    "Sex": 1,
    "Steroid": 2,
    "Antivirals": 2,
    "Fatigue": 2,
    "Malaise": 2,
    "Anorexia": 2,
    "Liver_big": 2,
    "Liver_firm": 1,
    "Spleen_palpable": 1,
    "Spiders": 2,
    "Ascites": 2,
    "Varices": 2,
    "Bilurubin": 0.7,
    "Alk_phosphate": 256,
    "Sgot": 25,
    "Albumin": 4.2,
    "Protime": 62,
    "Histology": 2,
    "Die_Live": 2
  },
  {
    "Age": 42,
    "Sex": 1,
    "Steroid": 1,
    "Antivirals": 1,
    "Fatigue": 1,
    "Malaise": 1,
    "Anorexia": 2,
    "Liver_big": 2,
    "Liver_firm": 2,
    "Spleen_palpable": 2,
    "Spiders": 1,
    "Ascites": 2,
    "Varices": 2,
    "Bilurubin": 0.5,
    "Alk_phosphate": 62,
    "Sgot": 68,
    "Albumin": 3.8,
    "Protime": 29,
    "Histology": 2,
    "Die_Live": 1
  },
  {
    "Age": 52,
    "Sex": 1,
    "Steroid": 1,
    "Antivirals": 2,
    "Fatigue": 1,
    "Malaise": 2,
    "Anorexia": 2,
    "Liver_big": 2,
    "Liver_firm": 2,
    "Spleen_palpable": 2,
    "Spiders": 2,
    "Ascites": 2,
    "Varices": 2,
    "Bilurubin": 1,
    "Alk_phosphate": 85,
    "Sgot": 30,
    "Albumin": 4,
    "Protime": 62,
    "Histology": 2,
    "Die_Live": 2
  },
  {
    "Age": 45,
    "Sex": 1,
    "Steroid": 1,
    "Antivirals": 2,
    "Fatigue": 1,
    "Malaise": 2,
    "Anorexia": 2,
    "Liver_big": 2,
    "Liver_firm": 1,
    "Spleen_palpable": 1,
    "Spiders": 2,
    "Ascites": 2,
    "Varices": 2,
    "Bilurubin": 1.2,
    "Alk_phosphate": 81,
    "Sgot": 65,
    "Albumin": 3,
    "Protime": 62,
    "Histology": 1,
    "Die_Live": 2
  },
  {
    "Age": 36,
    "Sex": 1,
    "Steroid": 1,
    "Antivirals": 2,
    "Fatigue": 2,
    "Malaise": 2,
    "Anorexia": 2,
    "Liver_big": 2,
    "Liver_firm": 2,
    "Spleen_palpable": 2,
    "Spiders": 2,
    "Ascites": 2,
    "Varices": 2,
    "Bilurubin": 1.1,
    "Alk_phosphate": 141,
    "Sgot": 75,
    "Albumin": 3.3,
    "Protime": 62,
    "Histology": 2,
    "Die_Live": 2
  },
  {
    "Age": 69,
    "Sex": 2,
    "Steroid": 2,
    "Antivirals": 2,
    "Fatigue": 1,
    "Malaise": 2,
    "Anorexia": 2,
    "Liver_big": 2,
    "Liver_firm": 2,
    "Spleen_palpable": 2,
    "Spiders": 2,
    "Ascites": 2,
    "Varices": 2,
    "Bilurubin": 3.2,
    "Alk_phosphate": 119,
    "Sgot": 136,
    "Albumin": 3.8,
    "Protime": 62,
    "Histology": 2,
    "Die_Live": 2
  },
  {
    "Age": 24,
    "Sex": 1,
    "Steroid": 1,
    "Antivirals": 2,
    "Fatigue": 1,
    "Malaise": 2,
    "Anorexia": 2,
    "Liver_big": 2,
    "Liver_firm": 2,
    "Spleen_palpable": 2,
    "Spiders": 2,
    "Ascites": 2,
    "Varices": 2,
    "Bilurubin": 1,
    "Alk_phosphate": 105,
    "Sgot": 34,
    "Albumin": 4.1,
    "Protime": 62,
    "Histology": 2,
    "Die_Live": 2
  },
  {
    "Age": 50,
    "Sex": 1,
    "Steroid": 2,
    "Antivirals": 2,
    "Fatigue": 2,
    "Malaise": 2,
    "Anorexia": 2,
    "Liver_big": 2,
    "Liver_firm": 2,
    "Spleen_palpable": 2,
    "Spiders": 2,
    "Ascites": 2,
    "Varices": 2,
    "Bilurubin": 1,
    "Alk_phosphate": 139,
    "Sgot": 81,
    "Albumin": 3.9,
    "Protime": 62,
    "Histology": 2,
    "Die_Live": 2
  },
  {
    "Age": 61,
    "Sex": 1,
    "Steroid": 1,
    "Antivirals": 2,
    "Fatigue": 1,
    "Malaise": 1,
    "Anorexia": 2,
    "Liver_big": 2,
    "Liver_firm": 2,
    "Spleen_palpable": 2,
    "Spiders": 1,
    "Ascites": 2,
    "Varices": 2,
    "Bilurubin": 1.4,
    "Alk_phosphate": 105,
    "Sgot": 87,
    "Albumin": 3.8,
    "Protime": 62,
    "Histology": 2,
    "Die_Live": 1
  },
  {
    "Age": 54,
    "Sex": 1,
    "Steroid": 2,
    "Antivirals": 2,
    "Fatigue": 1,
    "Malaise": 2,
    "Anorexia": 2,
    "Liver_big": 1,
    "Liver_firm": 1,
    "Spleen_palpable": 2,
    "Spiders": 2,
    "Ascites": 2,
    "Varices": 2,
    "Bilurubin": 3.2,
    "Alk_phosphate": 85,
    "Sgot": 28,
    "Albumin": 3.8,
    "Protime": 62,
    "Histology": 2,
    "Die_Live": 2
  },
  {
    "Age": 56,
    "Sex": 1,
    "Steroid": 1,
    "Antivirals": 2,
    "Fatigue": 1,
    "Malaise": 1,
    "Anorexia": 1,
    "Liver_big": 1,
    "Liver_firm": 1,
    "Spleen_palpable": 2,
    "Spiders": 1,
    "Ascites": 2,
    "Varices": 2,
    "Bilurubin": 2.9,
    "Alk_phosphate": 90,
    "Sgot": 153,
    "Albumin": 4,
    "Protime": 62,
    "Histology": 2,
    "Die_Live": 1
  },
  {
    "Age": 20,
    "Sex": 1,
    "Steroid": 1,
    "Antivirals": 2,
    "Fatigue": 1,
    "Malaise": 1,
    "Anorexia": 1,
    "Liver_big": 2,
    "Liver_firm": 2,
    "Spleen_palpable": 2,
    "Spiders": 1,
    "Ascites": 1,
    "Varices": 2,
    "Bilurubin": 1,
    "Alk_phosphate": 160,
    "Sgot": 118,
    "Albumin": 2.9,
    "Protime": 23,
    "Histology": 2,
    "Die_Live": 2
  },
  {
    "Age": 42,
    "Sex": 1,
    "Steroid": 2,
    "Antivirals": 2,
    "Fatigue": 2,
    "Malaise": 2,
    "Anorexia": 2,
    "Liver_big": 2,
    "Liver_firm": 2,
    "Spleen_palpable": 1,
    "Spiders": 2,
    "Ascites": 2,
    "Varices": 2,
    "Bilurubin": 1.5,
    "Alk_phosphate": 85,
    "Sgot": 40,
    "Albumin": 3.8,
    "Protime": 62,
    "Histology": 2,
    "Die_Live": 2
  },
  {
    "Age": 37,
    "Sex": 1,
    "Steroid": 1,
    "Antivirals": 2,
    "Fatigue": 1,
    "Malaise": 2,
    "Anorexia": 2,
    "Liver_big": 2,
    "Liver_firm": 2,
    "Spleen_palpable": 2,
    "Spiders": 1,
    "Ascites": 2,
    "Varices": 2,
    "Bilurubin": 0.9,
    "Alk_phosphate": 105,
    "Sgot": 231,
    "Albumin": 4.3,
    "Protime": 62,
    "Histology": 2,
    "Die_Live": 2
  },
  {
    "Age": 50,
    "Sex": 1,
    "Steroid": 2,
    "Antivirals": 2,
    "Fatigue": 2,
    "Malaise": 2,
    "Anorexia": 2,
    "Liver_big": 2,
    "Liver_firm": 1,
    "Spleen_palpable": 1,
    "Spiders": 1,
    "Ascites": 2,
    "Varices": 2,
    "Bilurubin": 1,
    "Alk_phosphate": 85,
    "Sgot": 75,
    "Albumin": 4,
    "Protime": 72,
    "Histology": 2,
    "Die_Live": 2
  },
  {
    "Age": 34,
    "Sex": 2,
    "Steroid": 2,
    "Antivirals": 2,
    "Fatigue": 1,
    "Malaise": 1,
    "Anorexia": 1,
    "Liver_big": 1,
    "Liver_firm": 1,
    "Spleen_palpable": 2,
    "Spiders": 1,
    "Ascites": 2,
    "Varices": 2,
    "Bilurubin": 0.7,
    "Alk_phosphate": 70,
    "Sgot": 24,
    "Albumin": 4.1,
    "Protime": 100,
    "Histology": 2,
    "Die_Live": 2
  },
  {
    "Age": 28,
    "Sex": 1,
    "Steroid": 2,
    "Antivirals": 2,
    "Fatigue": 1,
    "Malaise": 1,
    "Anorexia": 1,
    "Liver_big": 2,
    "Liver_firm": 2,
    "Spleen_palpable": 2,
    "Spiders": 1,
    "Ascites": 1,
    "Varices": 2,
    "Bilurubin": 1,
    "Alk_phosphate": 105,
    "Sgot": 20,
    "Albumin": 4,
    "Protime": 62,
    "Histology": 2,
    "Die_Live": 2
  },
  {
    "Age": 50,
    "Sex": 1,
    "Steroid": 2,
    "Antivirals": 2,
    "Fatigue": 1,
    "Malaise": 2,
    "Anorexia": 2,
    "Liver_big": 2,
    "Liver_firm": 1,
    "Spleen_palpable": 1,
    "Spiders": 2,
    "Ascites": 1,
    "Varices": 1,
    "Bilurubin": 2.8,
    "Alk_phosphate": 155,
    "Sgot": 75,
    "Albumin": 2.4,
    "Protime": 32,
    "Histology": 2,
    "Die_Live": 1
  },
  {
    "Age": 54,
    "Sex": 1,
    "Steroid": 1,
    "Antivirals": 2,
    "Fatigue": 1,
    "Malaise": 1,
    "Anorexia": 2,
    "Liver_big": 2,
    "Liver_firm": 2,
    "Spleen_palpable": 2,
    "Spiders": 2,
    "Ascites": 1,
    "Varices": 2,
    "Bilurubin": 1.2,
    "Alk_phosphate": 85,
    "Sgot": 92,
    "Albumin": 3.1,
    "Protime": 66,
    "Histology": 2,
    "Die_Live": 2
  },
  {
    "Age": 57,
    "Sex": 1,
    "Steroid": 1,
    "Antivirals": 2,
    "Fatigue": 1,
    "Malaise": 1,
    "Anorexia": 2,
    "Liver_big": 2,
    "Liver_firm": 2,
    "Spleen_palpable": 2,
    "Spiders": 1,
    "Ascites": 1,
    "Varices": 2,
    "Bilurubin": 4.6,
    "Alk_phosphate": 82,
    "Sgot": 55,
    "Albumin": 3.3,
    "Protime": 30,
    "Histology": 2,
    "Die_Live": 1
  },
  {
    "Age": 54,
    "Sex": 1,
    "Steroid": 2,
    "Antivirals": 2,
    "Fatigue": 2,
    "Malaise": 2,
    "Anorexia": 2,
    "Liver_big": 2,
    "Liver_firm": 2,
    "Spleen_palpable": 2,
    "Spiders": 2,
    "Ascites": 2,
    "Varices": 2,
    "Bilurubin": 1,
    "Alk_phosphate": 85,
    "Sgot": 30,
    "Albumin": 4.5,
    "Protime": 0,
    "Histology": 2,
    "Die_Live": 2
  },
  {
    "Age": 31,
    "Sex": 1,
    "Steroid": 1,
    "Antivirals": 2,
    "Fatigue": 1,
    "Malaise": 1,
    "Anorexia": 1,
    "Liver_big": 2,
    "Liver_firm": 2,
    "Spleen_palpable": 1,
    "Spiders": 2,
    "Ascites": 2,
    "Varices": 2,
    "Bilurubin": 8,
    "Alk_phosphate": 105,
    "Sgot": 101,
    "Albumin": 2.2,
    "Protime": 62,
    "Histology": 2,
    "Die_Live": 1
  },
  {
    "Age": 48,
    "Sex": 1,
    "Steroid": 2,
    "Antivirals": 2,
    "Fatigue": 1,
    "Malaise": 1,
    "Anorexia": 1,
    "Liver_big": 2,
    "Liver_firm": 1,
    "Spleen_palpable": 2,
    "Spiders": 1,
    "Ascites": 2,
    "Varices": 2,
    "Bilurubin": 2,
    "Alk_phosphate": 158,
    "Sgot": 278,
    "Albumin": 3.8,
    "Protime": 62,
    "Histology": 2,
    "Die_Live": 2
  },
  {
    "Age": 72,
    "Sex": 1,
    "Steroid": 2,
    "Antivirals": 1,
    "Fatigue": 1,
    "Malaise": 2,
    "Anorexia": 2,
    "Liver_big": 2,
    "Liver_firm": 1,
    "Spleen_palpable": 2,
    "Spiders": 2,
    "Ascites": 2,
    "Varices": 2,
    "Bilurubin": 1,
    "Alk_phosphate": 115,
    "Sgot": 52,
    "Albumin": 3.4,
    "Protime": 50,
    "Histology": 2,
    "Die_Live": 2
  },
  {
    "Age": 38,
    "Sex": 1,
    "Steroid": 1,
    "Antivirals": 2,
    "Fatigue": 2,
    "Malaise": 2,
    "Anorexia": 2,
    "Liver_big": 2,
    "Liver_firm": 1,
    "Spleen_palpable": 2,
    "Spiders": 2,
    "Ascites": 2,
    "Varices": 2,
    "Bilurubin": 0.4,
    "Alk_phosphate": 243,
    "Sgot": 49,
    "Albumin": 3.8,
    "Protime": 90,
    "Histology": 2,
    "Die_Live": 1
  },
  {
    "Age": 25,
    "Sex": 1,
    "Steroid": 2,
    "Antivirals": 2,
    "Fatigue": 1,
    "Malaise": 2,
    "Anorexia": 2,
    "Liver_big": 1,
    "Liver_firm": 1,
    "Spleen_palpable": 1,
    "Spiders": 1,
    "Ascites": 1,
    "Varices": 1,
    "Bilurubin": 1.3,
    "Alk_phosphate": 181,
    "Sgot": 181,
    "Albumin": 4.5,
    "Protime": 57,
    "Histology": 2,
    "Die_Live": 2
  },
  {
    "Age": 51,
    "Sex": 1,
    "Steroid": 2,
    "Antivirals": 2,
    "Fatigue": 2,
    "Malaise": 2,
    "Anorexia": 2,
    "Liver_big": 1,
    "Liver_firm": 1,
    "Spleen_palpable": 2,
    "Spiders": 1,
    "Ascites": 2,
    "Varices": 2,
    "Bilurubin": 0.8,
    "Alk_phosphate": 105,
    "Sgot": 33,
    "Albumin": 4.5,
    "Protime": 62,
    "Histology": 2,
    "Die_Live": 2
  },
  {
    "Age": 38,
    "Sex": 1,
    "Steroid": 2,
    "Antivirals": 2,
    "Fatigue": 2,
    "Malaise": 2,
    "Anorexia": 2,
    "Liver_big": 2,
    "Liver_firm": 1,
    "Spleen_palpable": 2,
    "Spiders": 1,
    "Ascites": 2,
    "Varices": 1,
    "Bilurubin": 1.6,
    "Alk_phosphate": 130,
    "Sgot": 140,
    "Albumin": 3.5,
    "Protime": 56,
    "Histology": 2,
    "Die_Live": 2
  },
  {
    "Age": 47,
    "Sex": 1,
    "Steroid": 2,
    "Antivirals": 2,
    "Fatigue": 1,
    "Malaise": 1,
    "Anorexia": 2,
    "Liver_big": 2,
    "Liver_firm": 1,
    "Spleen_palpable": 2,
    "Spiders": 1,
    "Ascites": 1,
    "Varices": 1,
    "Bilurubin": 1,
    "Alk_phosphate": 166,
    "Sgot": 30,
    "Albumin": 2.6,
    "Protime": 31,
    "Histology": 2,
    "Die_Live": 1
  },
  {
    "Age": 45,
    "Sex": 1,
    "Steroid": 2,
    "Antivirals": 1,
    "Fatigue": 2,
    "Malaise": 2,
    "Anorexia": 2,
    "Liver_big": 2,
    "Liver_firm": 2,
    "Spleen_palpable": 2,
    "Spiders": 2,
    "Ascites": 2,
    "Varices": 2,
    "Bilurubin": 1.3,
    "Alk_phosphate": 85,
    "Sgot": 44,
    "Albumin": 4.2,
    "Protime": 85,
    "Histology": 2,
    "Die_Live": 2
  },
  {
    "Age": 36,
    "Sex": 1,
    "Steroid": 1,
    "Antivirals": 2,
    "Fatigue": 1,
    "Malaise": 1,
    "Anorexia": 1,
    "Liver_big": 1,
    "Liver_firm": 1,
    "Spleen_palpable": 2,
    "Spiders": 1,
    "Ascites": 2,
    "Varices": 1,
    "Bilurubin": 1.7,
    "Alk_phosphate": 295,
    "Sgot": 60,
    "Albumin": 2.7,
    "Protime": 62,
    "Histology": 2,
    "Die_Live": 2
  },
  {
    "Age": 54,
    "Sex": 1,
    "Steroid": 1,
    "Antivirals": 2,
    "Fatigue": 1,
    "Malaise": 1,
    "Anorexia": 2,
    "Liver_big": 2,
    "Liver_firm": 2,
    "Spleen_palpable": 1,
    "Spiders": 2,
    "Ascites": 1,
    "Varices": 2,
    "Bilurubin": 3.9,
    "Alk_phosphate": 120,
    "Sgot": 28,
    "Albumin": 3.5,
    "Protime": 43,
    "Histology": 2,
    "Die_Live": 1
  },
  {
    "Age": 51,
    "Sex": 1,
    "Steroid": 2,
    "Antivirals": 2,
    "Fatigue": 1,
    "Malaise": 2,
    "Anorexia": 2,
    "Liver_big": 2,
    "Liver_firm": 1,
    "Spleen_palpable": 1,
    "Spiders": 1,
    "Ascites": 2,
    "Varices": 1,
    "Bilurubin": 1,
    "Alk_phosphate": 105,
    "Sgot": 20,
    "Albumin": 3,
    "Protime": 63,
    "Histology": 2,
    "Die_Live": 2
  },
  {
    "Age": 49,
    "Sex": 1,
    "Steroid": 1,
    "Antivirals": 2,
    "Fatigue": 1,
    "Malaise": 1,
    "Anorexia": 2,
    "Liver_big": 2,
    "Liver_firm": 2,
    "Spleen_palpable": 1,
    "Spiders": 1,
    "Ascites": 2,
    "Varices": 2,
    "Bilurubin": 1.4,
    "Alk_phosphate": 85,
    "Sgot": 70,
    "Albumin": 3.5,
    "Protime": 35,
    "Histology": 2,
    "Die_Live": 1
  },
  {
    "Age": 45,
    "Sex": 1,
    "Steroid": 2,
    "Antivirals": 2,
    "Fatigue": 1,
    "Malaise": 1,
    "Anorexia": 1,
    "Liver_big": 2,
    "Liver_firm": 2,
    "Spleen_palpable": 2,
    "Spiders": 1,
    "Ascites": 1,
    "Varices": 2,
    "Bilurubin": 1.9,
    "Alk_phosphate": 105,
    "Sgot": 114,
    "Albumin": 2.4,
    "Protime": 62,
    "Histology": 2,
    "Die_Live": 1
  },
  {
    "Age": 31,
    "Sex": 1,
    "Steroid": 1,
    "Antivirals": 2,
    "Fatigue": 1,
    "Malaise": 2,
    "Anorexia": 2,
    "Liver_big": 2,
    "Liver_firm": 2,
    "Spleen_palpable": 2,
    "Spiders": 2,
    "Ascites": 2,
    "Varices": 2,
    "Bilurubin": 1.2,
    "Alk_phosphate": 75,
    "Sgot": 173,
    "Albumin": 4.2,
    "Protime": 54,
    "Histology": 2,
    "Die_Live": 2
  },
  {
    "Age": 41,
    "Sex": 1,
    "Steroid": 2,
    "Antivirals": 2,
    "Fatigue": 1,
    "Malaise": 2,
    "Anorexia": 2,
    "Liver_big": 2,
    "Liver_firm": 1,
    "Spleen_palpable": 1,
    "Spiders": 1,
    "Ascites": 2,
    "Varices": 1,
    "Bilurubin": 4.2,
    "Alk_phosphate": 65,
    "Sgot": 120,
    "Albumin": 3.4,
    "Protime": 62,
    "Histology": 2,
    "Die_Live": 1
  },
  {
    "Age": 70,
    "Sex": 1,
    "Steroid": 1,
    "Antivirals": 2,
    "Fatigue": 1,
    "Malaise": 1,
    "Anorexia": 1,
    "Liver_big": 2,
    "Liver_firm": 2,
    "Spleen_palpable": 2,
    "Spiders": 2,
    "Ascites": 2,
    "Varices": 2,
    "Bilurubin": 1.7,
    "Alk_phosphate": 109,
    "Sgot": 528,
    "Albumin": 2.8,
    "Protime": 35,
    "Histology": 2,
    "Die_Live": 1
  },
  {
    "Age": 20,
    "Sex": 1,
    "Steroid": 1,
    "Antivirals": 2,
    "Fatigue": 2,
    "Malaise": 2,
    "Anorexia": 2,
    "Liver_big": 2,
    "Liver_firm": 2,
    "Spleen_palpable": 2,
    "Spiders": 2,
    "Ascites": 2,
    "Varices": 2,
    "Bilurubin": 0.9,
    "Alk_phosphate": 89,
    "Sgot": 152,
    "Albumin": 4,
    "Protime": 62,
    "Histology": 2,
    "Die_Live": 2
  },
  {
    "Age": 36,
    "Sex": 1,
    "Steroid": 2,
    "Antivirals": 2,
    "Fatigue": 2,
    "Malaise": 2,
    "Anorexia": 2,
    "Liver_big": 2,
    "Liver_firm": 2,
    "Spleen_palpable": 2,
    "Spiders": 2,
    "Ascites": 2,
    "Varices": 2,
    "Bilurubin": 0.6,
    "Alk_phosphate": 120,
    "Sgot": 30,
    "Albumin": 4,
    "Protime": 62,
    "Histology": 2,
    "Die_Live": 2
  },
  {
    "Age": 46,
    "Sex": 1,
    "Steroid": 2,
    "Antivirals": 2,
    "Fatigue": 1,
    "Malaise": 1,
    "Anorexia": 1,
    "Liver_big": 2,
    "Liver_firm": 2,
    "Spleen_palpable": 2,
    "Spiders": 1,
    "Ascites": 1,
    "Varices": 1,
    "Bilurubin": 7.6,
    "Alk_phosphate": 105,
    "Sgot": 242,
    "Albumin": 3.3,
    "Protime": 50,
    "Histology": 2,
    "Die_Live": 1
  },
  {
    "Age": 44,
    "Sex": 1,
    "Steroid": 2,
    "Antivirals": 2,
    "Fatigue": 1,
    "Malaise": 2,
    "Anorexia": 2,
    "Liver_big": 2,
    "Liver_firm": 1,
    "Spleen_palpable": 2,
    "Spiders": 2,
    "Ascites": 2,
    "Varices": 2,
    "Bilurubin": 0.9,
    "Alk_phosphate": 126,
    "Sgot": 142,
    "Albumin": 4.3,
    "Protime": 62,
    "Histology": 2,
    "Die_Live": 2
  }
  
]